Train Loss,Test Loss,Replicate,Size,Attempts
0.5072630047798157,0.721523106098175,0,5,4
1.4997713565826416,2.1888415813446045,0,15,7
1.01460599899292,1.0349962711334229,0,25,16
