Train Loss,Test Loss,Replicate,Size
0.04239879921078682,0.03497140854597092,0,5
0.051272451877593994,0.0480593778192997,1,5
0.04840949550271034,0.03422264754772186,0,15
0.04502120986580849,0.04782484099268913,1,15
0.03843478485941887,0.03371381387114525,0,25
0.06133796647191048,0.05373913794755936,1,25
