Train Loss,Test Loss,Replicate,Size
0.08440995216369629,0.0580097958445549,0,5
0.07434429228305817,0.05904195457696915,1,5
0.0703495666384697,0.054333947598934174,0,15
0.06477659195661545,0.08538708835840225,1,15
0.06265769898891449,0.07336296141147614,0,25
0.0741514042019844,0.07224888354539871,1,25
