J0,k1,k2,k3,k4,k5,k6,k,kappa,q,K1,psi,N,A,Size
0.34455143357894225,100.0,1.5878700218229531,9.102453757282388,100.1183972329493,1.8321247503881,9.879448157752377,0.44672396987305296,9.842487087202134,1.0,0.1,0.5087001422240324,1.5670762970544,1.9029514704191495,5
0.2694715568658208,100.0,2.1360096295306894,11.29181219393063,94.32299320021177,1.4838123126715934,4.908363021245383,4.7003994807353235,10.128236000506543,1.0,0.1,0.08443945494433855,1.8909996692237168,4.1432025161795645,5
0.34455143357894225,100.0,1.5878700218229531,9.102453757282388,100.1183972329493,1.8321247503881,9.879448157752377,0.44672396987305296,9.842487087202134,1.0,0.1,0.5087001422240324,1.5670762970544,1.9029514704191495,15
0.2694715568658208,100.0,2.1360096295306894,11.29181219393063,94.32299320021177,1.4838123126715934,4.908363021245383,4.7003994807353235,10.128236000506543,1.0,0.1,0.08443945494433855,1.8909996692237168,4.1432025161795645,15
0.34455143357894225,100.0,1.5878700218229531,9.102453757282388,100.1183972329493,1.8321247503881,9.879448157752377,0.44672396987305296,9.842487087202134,1.0,0.1,0.5087001422240324,1.5670762970544,1.9029514704191495,25
0.2694715568658208,100.0,2.1360096295306894,11.29181219393063,94.32299320021177,1.4838123126715934,4.908363021245383,4.7003994807353235,10.128236000506543,1.0,0.1,0.08443945494433855,1.8909996692237168,4.1432025161795645,25
