Train Loss,Test Loss,Replicate,Size,Attempts
0.049045439809560776,0.03380630537867546,0,5,0
0.04498698562383652,0.0427689291536808,1,5,0
0.04466713219881058,0.03649642691016197,0,10,0
0.0372924879193306,0.04452968016266823,1,10,0
