beta,gamma,delta
16.844395,2.902061,1.0966891
17.738989,2.8491964,1.0662743
17.293753,2.8438032,1.0753878
16.635887,2.904099,1.0951853
17.915277,2.877113,1.0746813
15.898952,2.8733525,1.0866433
17.724607,2.8785465,1.075603
16.496195,2.8913584,1.0939183
18.076202,2.9081469,1.0706449
17.870752,2.8543584,1.0701193
17.30502,2.860167,1.070293
17.539734,2.8638475,1.0702299
16.5351,2.8550382,1.0758512
16.810944,2.8423553,1.0732956
15.595959,2.8876443,1.10276
