Train Loss,Test Loss,Replicate,Size,Attempts
0.4636446535587311,0.6744344830513,0,5,1
0.4292960464954376,0.5633658766746521,1,5,1
0.42512473464012146,0.5170667171478271,2,5,2
0.23998095095157623,0.27614909410476685,0,15,3
0.2968067228794098,0.27889642119407654,1,15,2
0.14856205880641937,0.2382245510816574,2,15,1
,,0,25,18
0.5544856786727905,0.8206994533538818,1,25,3
,,2,25,7
