Train Loss,Test Loss,Replicate,Size,Attempts
0.14948596060276031,0.1641175001859665,0,5,1
0.17877471446990967,0.34655144810676575,1,5,5
0.3688853979110718,0.6713511347770691,2,5,1
0.2138568013906479,0.4004228115081787,0,15,1
0.2530331611633301,0.5042085647583008,1,15,5
0.24141338467597961,0.47286608815193176,2,15,4
0.26981839537620544,0.3362520635128021,0,25,1
0.13845963776111603,0.14665979146957397,1,25,1
0.12797535955905914,0.18167968094348907,2,25,1
